,dim,walk_len,n_walks,p,q,window,hopkins
0,10,5,5,0.75,1.0,5,0.7271486948903377
1,10,5,5,0.75,1.0,10,0.6164208534884893
2,10,5,5,0.75,1.0,15,0.6673717223479331
3,10,5,10,0.75,1.0,5,0.6304714738451965
4,10,5,10,0.75,1.0,10,0.7013937319037999
5,10,5,10,0.75,1.0,15,0.641265044866157
6,10,5,15,0.75,1.0,5,0.6786753274373271
7,10,5,15,0.75,1.0,10,0.6663293185133986
8,10,5,15,0.75,1.0,15,0.6262250755586083
9,10,15,5,0.75,1.0,5,0.6476040558380791
10,10,15,5,0.75,1.0,10,0.712141829749383
11,10,15,5,0.75,1.0,15,0.6167251671870128
12,10,15,10,0.75,1.0,5,0.6100421754781741
13,10,15,10,0.75,1.0,10,0.5759302990156213
14,10,15,10,0.75,1.0,15,0.682867057921557
15,10,15,15,0.75,1.0,5,0.6703694783039876
16,10,15,15,0.75,1.0,10,0.4761077991215238
17,10,15,15,0.75,1.0,15,0.4904915096046199
18,10,25,5,0.75,1.0,5,0.687424867007357
19,10,25,5,0.75,1.0,10,0.5918700784672659
20,10,25,5,0.75,1.0,15,0.6299093038243209
21,10,25,10,0.75,1.0,5,0.5926064589812197
22,10,25,10,0.75,1.0,10,0.5617114191216506
23,10,25,10,0.75,1.0,15,0.4854067176166293
24,10,25,15,0.75,1.0,5,0.6190207427230231
25,10,25,15,0.75,1.0,10,0.48968790485454083
26,10,25,15,0.75,1.0,15,0.5579166106547048
27,10,35,5,0.75,1.0,5,0.5416114013885851
28,10,35,5,0.75,1.0,10,0.5462809442919077
29,10,35,5,0.75,1.0,15,0.41727061028853596
30,10,35,10,0.75,1.0,5,0.47449457120960375
31,10,35,10,0.75,1.0,10,0.5226533024961285
32,10,35,10,0.75,1.0,15,0.5551247685730761
33,10,35,15,0.75,1.0,5,0.4457027577878016
34,10,35,15,0.75,1.0,10,0.5625071515778799
35,10,35,15,0.75,1.0,15,0.5933204379411847
36,10,45,5,0.75,1.0,5,0.3520363794854713
37,10,45,5,0.75,1.0,10,0.28548557004169606
38,10,45,5,0.75,1.0,15,0.602921455251145
39,10,45,10,0.75,1.0,5,0.4783774242689289
40,10,45,10,0.75,1.0,10,0.48889160979293184
41,10,45,10,0.75,1.0,15,0.4465706389755579
42,10,45,15,0.75,1.0,5,0.5803349891449976
43,10,45,15,0.75,1.0,10,0.622623738813266
44,10,45,15,0.75,1.0,15,0.5118616670092504
45,10,55,5,0.75,1.0,5,0.6102916638104826
46,10,55,5,0.75,1.0,10,0.5114492689416487
47,10,55,5,0.75,1.0,15,0.4852485803534258
48,10,55,10,0.75,1.0,5,0.5007948154561735
49,10,55,10,0.75,1.0,10,0.5737097190428591
50,10,55,10,0.75,1.0,15,0.5757489811737121
51,10,55,15,0.75,1.0,5,0.5770162530933297
52,10,55,15,0.75,1.0,10,0.6126112433203607
53,10,55,15,0.75,1.0,15,0.5074500837211869
54,10,65,5,0.75,1.0,5,0.4896259665948925
55,10,65,5,0.75,1.0,10,0.4726355311152901
56,10,65,5,0.75,1.0,15,0.43961260279779685
57,10,65,10,0.75,1.0,5,0.6262760606326636
58,10,65,10,0.75,1.0,10,0.5451442630912297
59,10,65,10,0.75,1.0,15,0.5464269521802461
60,10,65,15,0.75,1.0,5,0.5991243343857965
61,10,65,15,0.75,1.0,10,0.6441110765334005
62,10,65,15,0.75,1.0,15,0.5718313356091353
63,10,75,5,0.75,1.0,5,0.5407317826970566
64,10,75,5,0.75,1.0,10,0.5584847963108935
65,10,75,5,0.75,1.0,15,0.6075807296950057
66,10,75,10,0.75,1.0,5,0.6178689241799087
67,10,75,10,0.75,1.0,10,0.6127907230984051
68,10,75,10,0.75,1.0,15,0.5082292413413891
69,10,75,15,0.75,1.0,5,0.5707595087580275
70,10,75,15,0.75,1.0,10,0.5312675474459846
71,10,75,15,0.75,1.0,15,0.5861891840781408
72,20,5,5,0.75,1.0,5,0.722864173547823
73,20,5,5,0.75,1.0,10,0.6221236580573656
74,20,5,5,0.75,1.0,15,0.6616869290276115
75,20,5,10,0.75,1.0,5,0.6517005973833015
76,20,5,10,0.75,1.0,10,0.6704983412842379
77,20,5,10,0.75,1.0,15,0.677997842826193
78,20,5,15,0.75,1.0,5,0.6518123021452243
79,20,5,15,0.75,1.0,10,0.6549128971809101
80,20,5,15,0.75,1.0,15,0.6675478530373151
81,20,15,5,0.75,1.0,5,0.6535929077262117
82,20,15,5,0.75,1.0,10,0.6422712942923336
83,20,15,5,0.75,1.0,15,0.6735546326838896
84,20,15,10,0.75,1.0,5,0.6721898853172092
85,20,15,10,0.75,1.0,10,0.5821515920018817
86,20,15,10,0.75,1.0,15,0.5554622613037422
87,20,15,15,0.75,1.0,5,0.5126807630864031
88,20,15,15,0.75,1.0,10,0.5088709423145896
89,20,15,15,0.75,1.0,15,0.6039673379602507
90,20,25,5,0.75,1.0,5,0.6024652922418791
91,20,25,5,0.75,1.0,10,0.5837124002018383
92,20,25,5,0.75,1.0,15,0.5210282657732433
93,20,25,10,0.75,1.0,5,0.4323889966792881
94,20,25,10,0.75,1.0,10,0.6475731939527817
95,20,25,10,0.75,1.0,15,0.5911287977542853
96,20,25,15,0.75,1.0,5,0.41501183009303844
97,20,25,15,0.75,1.0,10,0.5602875798837288
98,20,25,15,0.75,1.0,15,0.5307267549978159
99,20,35,5,0.75,1.0,5,0.5169771879333405
100,20,35,5,0.75,1.0,10,0.4115738707902244
101,20,35,5,0.75,1.0,15,0.41474584788651
102,20,35,10,0.75,1.0,5,0.5249765535810765
103,20,35,10,0.75,1.0,10,0.5634975670800264
104,20,35,10,0.75,1.0,15,0.5080920500147442
105,20,35,15,0.75,1.0,5,0.511802404460831
106,20,35,15,0.75,1.0,10,0.47058207873054353
107,20,35,15,0.75,1.0,15,0.4431151519363882
108,20,45,5,0.75,1.0,5,0.45555382775645714
109,20,45,5,0.75,1.0,10,0.47614630210239295
110,20,45,5,0.75,1.0,15,0.4830692968232003
111,20,45,10,0.75,1.0,5,0.5106065726950348
112,20,45,10,0.75,1.0,10,0.5377963517906369
113,20,45,10,0.75,1.0,15,0.4639947488056831
114,20,45,15,0.75,1.0,5,0.6221104474754223
115,20,45,15,0.75,1.0,10,0.4737868303568854
116,20,45,15,0.75,1.0,15,0.6560552645515204
117,20,55,5,0.75,1.0,5,0.4341806247492211
118,20,55,5,0.75,1.0,10,0.5511313494309374
119,20,55,5,0.75,1.0,15,0.6103569697808735
120,20,55,10,0.75,1.0,5,0.6459404256594621
121,20,55,10,0.75,1.0,10,0.515803016274533
122,20,55,10,0.75,1.0,15,0.5205035824340818
123,20,55,15,0.75,1.0,5,0.6259950816730611
124,20,55,15,0.75,1.0,10,0.5783483063266154
125,20,55,15,0.75,1.0,15,0.6548268755008266
126,20,65,5,0.75,1.0,5,0.5336688572015953
127,20,65,5,0.75,1.0,10,0.49054377220518725
128,20,65,5,0.75,1.0,15,0.5489221932561897
129,20,65,10,0.75,1.0,5,0.6500176296318955
130,20,65,10,0.75,1.0,10,0.44567220361971965
131,20,65,10,0.75,1.0,15,0.5625557989682035
132,20,65,15,0.75,1.0,5,0.5737138741035261
133,20,65,15,0.75,1.0,10,0.4852640933962252
134,20,65,15,0.75,1.0,15,0.5177245474982021
135,20,75,5,0.75,1.0,5,0.5128875206979803
136,20,75,5,0.75,1.0,10,0.4602438003294089
137,20,75,5,0.75,1.0,15,0.46510734626486677
138,20,75,10,0.75,1.0,5,0.5378846752565811
139,20,75,10,0.75,1.0,10,0.5595222953153652
140,20,75,10,0.75,1.0,15,0.5322625444952375
141,20,75,15,0.75,1.0,5,0.5787456447657299
142,20,75,15,0.75,1.0,10,0.48679534626173815
143,20,75,15,0.75,1.0,15,0.47579952464671493
144,30,5,5,0.75,1.0,5,0.678409081720414
145,30,5,5,0.75,1.0,10,0.5808300858075038
146,30,5,5,0.75,1.0,15,0.6880782166321457
147,30,5,10,0.75,1.0,5,0.6592344258681877
148,30,5,10,0.75,1.0,10,0.6914963601579193
149,30,5,10,0.75,1.0,15,0.6655976158983229
150,30,5,15,0.75,1.0,5,0.697886108200551
151,30,5,15,0.75,1.0,10,0.6801881753882166
152,30,5,15,0.75,1.0,15,0.7062968759495837
153,30,15,5,0.75,1.0,5,0.6504738720082438
154,30,15,5,0.75,1.0,10,0.5821060587190805
155,30,15,5,0.75,1.0,15,0.7374515689074911
156,30,15,10,0.75,1.0,5,0.5455812895880531
157,30,15,10,0.75,1.0,10,0.5935113011582956
158,30,15,10,0.75,1.0,15,0.6305254121824477
159,30,15,15,0.75,1.0,5,0.6019548023217786
160,30,15,15,0.75,1.0,10,0.6628609492743601
161,30,15,15,0.75,1.0,15,0.5312496813172995
162,30,25,5,0.75,1.0,5,0.5457211568274071
163,30,25,5,0.75,1.0,10,0.5243845597457347
164,30,25,5,0.75,1.0,15,0.5101829643393729
165,30,25,10,0.75,1.0,5,0.48843246349079594
166,30,25,10,0.75,1.0,10,0.6703568416895384
167,30,25,10,0.75,1.0,15,0.5822353542403862
168,30,25,15,0.75,1.0,5,0.5312241826648164
169,30,25,15,0.75,1.0,10,0.46102772663841485
170,30,25,15,0.75,1.0,15,0.44838895034882476
171,30,35,5,0.75,1.0,5,0.5028421583957671
172,30,35,5,0.75,1.0,10,0.5588806337208103
173,30,35,5,0.75,1.0,15,0.5614638344459768
174,30,35,10,0.75,1.0,5,0.5545828435799582
175,30,35,10,0.75,1.0,10,0.49950599789473593
176,30,35,10,0.75,1.0,15,0.5201485001956536
177,30,35,15,0.75,1.0,5,0.525738095699598
178,30,35,15,0.75,1.0,10,0.514412377816728
179,30,35,15,0.75,1.0,15,0.5958235462748181
180,30,45,5,0.75,1.0,5,0.4651032571217923
181,30,45,5,0.75,1.0,10,0.46121753297662244
182,30,45,5,0.75,1.0,15,0.5410076621534893
183,30,45,10,0.75,1.0,5,0.5733563437982233
184,30,45,10,0.75,1.0,10,0.5123721805686722
185,30,45,10,0.75,1.0,15,0.5556771396949195
186,30,45,15,0.75,1.0,5,0.509400536919247
187,30,45,15,0.75,1.0,10,0.4670483164717323
188,30,45,15,0.75,1.0,15,0.6084796453251313
189,30,55,5,0.75,1.0,5,0.5356096685590702
190,30,55,5,0.75,1.0,10,0.5086663441074447
191,30,55,5,0.75,1.0,15,0.6159511779365504
192,30,55,10,0.75,1.0,5,0.5459495939142174
193,30,55,10,0.75,1.0,10,0.5899002643980663
194,30,55,10,0.75,1.0,15,0.649833256340969
195,30,55,15,0.75,1.0,5,0.6404374563292101
196,30,55,15,0.75,1.0,10,0.537321358277316
197,30,55,15,0.75,1.0,15,0.5706809979075644
198,30,65,5,0.75,1.0,5,0.46136907163843766
199,30,65,5,0.75,1.0,10,0.510676243631907
200,30,65,5,0.75,1.0,15,0.6216654590999247
201,30,65,10,0.75,1.0,5,0.49150744049454825
202,30,65,10,0.75,1.0,10,0.33345954216359885
203,30,65,10,0.75,1.0,15,0.610669004718472
204,30,65,15,0.75,1.0,5,0.5344424887380277
205,30,65,15,0.75,1.0,10,0.566742784591515
206,30,65,15,0.75,1.0,15,0.5485707289584589
207,30,75,5,0.75,1.0,5,0.5841832131360548
208,30,75,5,0.75,1.0,10,0.5140875750417485
209,30,75,5,0.75,1.0,15,0.3925248605000251
210,30,75,10,0.75,1.0,5,0.4906366905181897
211,30,75,10,0.75,1.0,10,0.5267256096908719
212,30,75,10,0.75,1.0,15,0.5001697700777078
213,30,75,15,0.75,1.0,5,0.4993341983001656
214,30,75,15,0.75,1.0,10,0.570189063990171
215,30,75,15,0.75,1.0,15,0.5941578920109007
216,40,5,5,0.75,1.0,5,0.7151163645892298
217,40,5,5,0.75,1.0,10,0.6637473871596603
218,40,5,5,0.75,1.0,15,0.6647735569659671
219,40,5,10,0.75,1.0,5,0.6276976788397985
220,40,5,10,0.75,1.0,10,0.6885793233345185
221,40,5,10,0.75,1.0,15,0.7022065250953164
222,40,5,15,0.75,1.0,5,0.652685058645223
223,40,5,15,0.75,1.0,10,0.6444283511162243
224,40,5,15,0.75,1.0,15,0.685475448945205
225,40,15,5,0.75,1.0,5,0.665115903501186
226,40,15,5,0.75,1.0,10,0.6346220751284899
227,40,15,5,0.75,1.0,15,0.7044085578020345
228,40,15,10,0.75,1.0,5,0.6279341701210873
229,40,15,10,0.75,1.0,10,0.5971633420288371
230,40,15,10,0.75,1.0,15,0.632748930014303
231,40,15,15,0.75,1.0,5,0.5528336790919477
232,40,15,15,0.75,1.0,10,0.5485601315521554
233,40,15,15,0.75,1.0,15,0.47746778660293737
234,40,25,5,0.75,1.0,5,0.5513492690903061
235,40,25,5,0.75,1.0,10,0.49265242664801656
236,40,25,5,0.75,1.0,15,0.49393140177821876
237,40,25,10,0.75,1.0,5,0.5552392920903154
238,40,25,10,0.75,1.0,10,0.6697696472447529
239,40,25,10,0.75,1.0,15,0.48464639142072297
240,40,25,15,0.75,1.0,5,0.5360166645231106
241,40,25,15,0.75,1.0,10,0.5275339112244961
242,40,25,15,0.75,1.0,15,0.4857660435520635
243,40,35,5,0.75,1.0,5,0.5704790011155765
244,40,35,5,0.75,1.0,10,0.4357374139103311
245,40,35,5,0.75,1.0,15,0.4781722940621366
246,40,35,10,0.75,1.0,5,0.4937722158868823
247,40,35,10,0.75,1.0,10,0.5093569012157597
248,40,35,10,0.75,1.0,15,0.581223527012878
249,40,35,15,0.75,1.0,5,0.5097936472268044
250,40,35,15,0.75,1.0,10,0.5638529282322917
251,40,35,15,0.75,1.0,15,0.45821069317156865
252,40,45,5,0.75,1.0,5,0.5608205361146751
253,40,45,5,0.75,1.0,10,0.5838369648161893
254,40,45,5,0.75,1.0,15,0.46434998945208245
255,40,45,10,0.75,1.0,5,0.5233777939333295
256,40,45,10,0.75,1.0,10,0.5254267235089585
257,40,45,10,0.75,1.0,15,0.5137098482169601
258,40,45,15,0.75,1.0,5,0.4094209813924268
259,40,45,15,0.75,1.0,10,0.5278792669560148
260,40,45,15,0.75,1.0,15,0.5152562976058896
261,40,55,5,0.75,1.0,5,0.45279127776324724
262,40,55,5,0.75,1.0,10,0.6728576345383241
263,40,55,5,0.75,1.0,15,0.5068270709034537
264,40,55,10,0.75,1.0,5,0.44039802531289096
265,40,55,10,0.75,1.0,10,0.6168858302985664
266,40,55,10,0.75,1.0,15,0.6032915058941745
267,40,55,15,0.75,1.0,5,0.57883891953396
268,40,55,15,0.75,1.0,10,0.48714472083787175
269,40,55,15,0.75,1.0,15,0.6466022646450709
270,40,65,5,0.75,1.0,5,0.42192978178531565
271,40,65,5,0.75,1.0,10,0.5000686782801285
272,40,65,5,0.75,1.0,15,0.3981182062492206
273,40,65,10,0.75,1.0,5,0.48947202167575266
274,40,65,10,0.75,1.0,10,0.5012494366169783
275,40,65,10,0.75,1.0,15,0.48808071464545577
276,40,65,15,0.75,1.0,5,0.5261616586012613
277,40,65,15,0.75,1.0,10,0.5680919890558597
278,40,65,15,0.75,1.0,15,0.6090796767970219
279,40,75,5,0.75,1.0,5,0.6288107332947258
280,40,75,5,0.75,1.0,10,0.496762241532936
281,40,75,5,0.75,1.0,15,0.5050184327377124
282,40,75,10,0.75,1.0,5,0.6233111684408328
283,40,75,10,0.75,1.0,10,0.48010953855814414
284,40,75,10,0.75,1.0,15,0.4729259253433175
285,40,75,15,0.75,1.0,5,0.6548374450097791
286,40,75,15,0.75,1.0,10,0.5403227915612867
287,40,75,15,0.75,1.0,15,0.4925616799210212
288,50,5,5,0.75,1.0,5,0.604980937301843
289,50,5,5,0.75,1.0,10,0.638691844817662
290,50,5,5,0.75,1.0,15,0.6543174153633705
291,50,5,10,0.75,1.0,5,0.6939342680728051
292,50,5,10,0.75,1.0,10,0.673885421924765
293,50,5,10,0.75,1.0,15,0.6662167990122133
294,50,5,15,0.75,1.0,5,0.6644874302673774
295,50,5,15,0.75,1.0,10,0.701486284322757
296,50,5,15,0.75,1.0,15,0.6171317758778393
297,50,15,5,0.75,1.0,5,0.7027535362182737
298,50,15,5,0.75,1.0,10,0.6447780176474579
299,50,15,5,0.75,1.0,15,0.635097252746104
300,50,15,10,0.75,1.0,5,0.6143120068955119
301,50,15,10,0.75,1.0,10,0.6317763467117253
302,50,15,10,0.75,1.0,15,0.6516023124159865
303,50,15,15,0.75,1.0,5,0.5715792641069605
304,50,15,15,0.75,1.0,10,0.5347810651455687
305,50,15,15,0.75,1.0,15,0.5673409099482655
306,50,25,5,0.75,1.0,5,0.6231206400829646
307,50,25,5,0.75,1.0,10,0.6411267992526409
308,50,25,5,0.75,1.0,15,0.5914288405862944
309,50,25,10,0.75,1.0,5,0.5280973988371266
310,50,25,10,0.75,1.0,10,0.6263673755776022
311,50,25,10,0.75,1.0,15,0.4282177701641309
312,50,25,15,0.75,1.0,5,0.6423919811305459
313,50,25,15,0.75,1.0,10,0.5244076207779131
314,50,25,15,0.75,1.0,15,0.5001465180953681
315,50,35,5,0.75,1.0,5,0.5569747984193852
316,50,35,5,0.75,1.0,10,0.2631759917385771
317,50,35,5,0.75,1.0,15,0.5161448258166428
318,50,35,10,0.75,1.0,5,0.5562606891135394
319,50,35,10,0.75,1.0,10,0.6478374381483991
320,50,35,10,0.75,1.0,15,0.5223435656591932
321,50,35,15,0.75,1.0,5,0.6371298329854578
322,50,35,15,0.75,1.0,10,0.4662573000719565
323,50,35,15,0.75,1.0,15,0.600519347580433
324,50,45,5,0.75,1.0,5,0.5354019426776501
325,50,45,5,0.75,1.0,10,0.4890344200382647
326,50,45,5,0.75,1.0,15,0.5174831899707054
327,50,45,10,0.75,1.0,5,0.6156769963878789
328,50,45,10,0.75,1.0,10,0.46446444671635145
329,50,45,10,0.75,1.0,15,0.5268471536778413
330,50,45,15,0.75,1.0,5,0.5037244511225082
331,50,45,15,0.75,1.0,10,0.42792428707972496
332,50,45,15,0.75,1.0,15,0.6276491613612879
333,50,55,5,0.75,1.0,5,0.4784291358762762
334,50,55,5,0.75,1.0,10,0.47834134349009094
335,50,55,5,0.75,1.0,15,0.5130276303300816
336,50,55,10,0.75,1.0,5,0.5586418796186171
337,50,55,10,0.75,1.0,10,0.6316401820899005
338,50,55,10,0.75,1.0,15,0.5249253805923141
339,50,55,15,0.75,1.0,5,0.5369271048067302
340,50,55,15,0.75,1.0,10,0.5300993739872095
341,50,55,15,0.75,1.0,15,0.5405774365752226
342,50,65,5,0.75,1.0,5,0.348898541047575
343,50,65,5,0.75,1.0,10,0.5302541428052049
344,50,65,5,0.75,1.0,15,0.39507315928813913
345,50,65,10,0.75,1.0,5,0.556204195136663
346,50,65,10,0.75,1.0,10,0.4118256766440684
347,50,65,10,0.75,1.0,15,0.6253189888047425
348,50,65,15,0.75,1.0,5,0.512704779886331
349,50,65,15,0.75,1.0,10,0.6141640511641296
350,50,65,15,0.75,1.0,15,0.5275215109280287
351,50,75,5,0.75,1.0,5,0.4183297678297868
352,50,75,5,0.75,1.0,10,0.6386277453393326
353,50,75,5,0.75,1.0,15,0.4311231927102603
354,50,75,10,0.75,1.0,5,0.6215740141825591
355,50,75,10,0.75,1.0,10,0.5005663641349096
356,50,75,10,0.75,1.0,15,0.425587288931982
357,50,75,15,0.75,1.0,5,0.497248513030238
358,50,75,15,0.75,1.0,10,0.4884250343356431
359,50,75,15,0.75,1.0,15,0.6270797772320404
360,60,5,5,0.75,1.0,5,0.5984549901320066
361,60,5,5,0.75,1.0,10,0.6831756766872794
362,60,5,5,0.75,1.0,15,0.7160784642897605
363,60,5,10,0.75,1.0,5,0.6347083513466532
364,60,5,10,0.75,1.0,10,0.69503050674073
365,60,5,10,0.75,1.0,15,0.6717768637388551
366,60,5,15,0.75,1.0,5,0.6424444024280208
367,60,5,15,0.75,1.0,10,0.6805954085911454
368,60,5,15,0.75,1.0,15,0.6996286579378621
369,60,15,5,0.75,1.0,5,0.6955074626853167
370,60,15,5,0.75,1.0,10,0.6417297808629584
371,60,15,5,0.75,1.0,15,0.6580158476372556
372,60,15,10,0.75,1.0,5,0.6379744466955402
373,60,15,10,0.75,1.0,10,0.6391040367700687
374,60,15,10,0.75,1.0,15,0.5701677685582446
375,60,15,15,0.75,1.0,5,0.6046191328857827
376,60,15,15,0.75,1.0,10,0.5093780089536418
377,60,15,15,0.75,1.0,15,0.5901383101951078
378,60,25,5,0.75,1.0,5,0.6686720038679147
379,60,25,5,0.75,1.0,10,0.4522918561588699
380,60,25,5,0.75,1.0,15,0.6678483138768698
381,60,25,10,0.75,1.0,5,0.45317013175789816
382,60,25,10,0.75,1.0,10,0.5218613832324619
383,60,25,10,0.75,1.0,15,0.4244218410341128
384,60,25,15,0.75,1.0,5,0.5956107385606325
385,60,25,15,0.75,1.0,10,0.37708441036510154
386,60,25,15,0.75,1.0,15,0.5200893103893127
387,60,35,5,0.75,1.0,5,0.5427205001925683
388,60,35,5,0.75,1.0,10,0.554803755026614
389,60,35,5,0.75,1.0,15,0.46500373506876497
390,60,35,10,0.75,1.0,5,0.5967494840244453
391,60,35,10,0.75,1.0,10,0.456727385438481
392,60,35,10,0.75,1.0,15,0.45969970574418223
393,60,35,15,0.75,1.0,5,0.49868110442464586
394,60,35,15,0.75,1.0,10,0.5080945795259388
395,60,35,15,0.75,1.0,15,0.5382315724150617
396,60,45,5,0.75,1.0,5,0.5798662117688091
397,60,45,5,0.75,1.0,10,0.4501203006096577
398,60,45,5,0.75,1.0,15,0.3679054988408666
399,60,45,10,0.75,1.0,5,0.516876021244414
400,60,45,10,0.75,1.0,10,0.5041150717742896
401,60,45,10,0.75,1.0,15,0.5085102035049011
402,60,45,15,0.75,1.0,5,0.5992859521563378
403,60,45,15,0.75,1.0,10,0.4374987753001588
404,60,45,15,0.75,1.0,15,0.43354125256321746
405,60,55,5,0.75,1.0,5,0.42048076165218545
406,60,55,5,0.75,1.0,10,0.5877630048085073
407,60,55,5,0.75,1.0,15,0.5236659697945975
408,60,55,10,0.75,1.0,5,0.5279885903678897
409,60,55,10,0.75,1.0,10,0.6144515561824699
410,60,55,10,0.75,1.0,15,0.501867643254332
411,60,55,15,0.75,1.0,5,0.5295237925574738
412,60,55,15,0.75,1.0,10,0.5358903112229562
413,60,55,15,0.75,1.0,15,0.5018711522339329
414,60,65,5,0.75,1.0,5,0.5129268858312752
415,60,65,5,0.75,1.0,10,0.42375197938359627
416,60,65,5,0.75,1.0,15,0.5281945825010589
417,60,65,10,0.75,1.0,5,0.5138407869312196
418,60,65,10,0.75,1.0,10,0.429985536062526
419,60,65,10,0.75,1.0,15,0.5823959118904268
420,60,65,15,0.75,1.0,5,0.6025168249935323
421,60,65,15,0.75,1.0,10,0.49045781322998444
422,60,65,15,0.75,1.0,15,0.559317584850425
423,60,75,5,0.75,1.0,5,0.4835340475345414
424,60,75,5,0.75,1.0,10,0.46120425831073325
425,60,75,5,0.75,1.0,15,0.5553645659106183
426,60,75,10,0.75,1.0,5,0.5239186167984189
427,60,75,10,0.75,1.0,10,0.5017830526524096
428,60,75,10,0.75,1.0,15,0.49903341594969597
429,60,75,15,0.75,1.0,5,0.44068551281287316
430,60,75,15,0.75,1.0,10,0.5566653043154008
431,60,75,15,0.75,1.0,15,0.48975266652536587
432,70,5,5,0.75,1.0,5,0.6301374010740011
433,70,5,5,0.75,1.0,10,0.6356907131844953
434,70,5,5,0.75,1.0,15,0.5833548891317875
435,70,5,10,0.75,1.0,5,0.6970065945323921
436,70,5,10,0.75,1.0,10,0.6475192011036498
437,70,5,10,0.75,1.0,15,0.6269164727529443
438,70,5,15,0.75,1.0,5,0.6969460650111774
439,70,5,15,0.75,1.0,10,0.6388587789021261
440,70,5,15,0.75,1.0,15,0.6668096870181949
441,70,15,5,0.75,1.0,5,0.6601178631459921
442,70,15,5,0.75,1.0,10,0.678827727514355
443,70,15,5,0.75,1.0,15,0.6414601194660515
444,70,15,10,0.75,1.0,5,0.6699236700975777
445,70,15,10,0.75,1.0,10,0.6937078315240787
446,70,15,10,0.75,1.0,15,0.611820635087716
447,70,15,15,0.75,1.0,5,0.5473995550683424
448,70,15,15,0.75,1.0,10,0.5573830695365182
449,70,15,15,0.75,1.0,15,0.5232170121774228
450,70,25,5,0.75,1.0,5,0.5261794961324011
451,70,25,5,0.75,1.0,10,0.48093277855121414
452,70,25,5,0.75,1.0,15,0.5848960082813317
453,70,25,10,0.75,1.0,5,0.48190202233263
454,70,25,10,0.75,1.0,10,0.4877748022192308
455,70,25,10,0.75,1.0,15,0.47956586115557626
456,70,25,15,0.75,1.0,5,0.57049695225284
457,70,25,15,0.75,1.0,10,0.44141010469434727
458,70,25,15,0.75,1.0,15,0.5100278258873641
459,70,35,5,0.75,1.0,5,0.6149940044192818
460,70,35,5,0.75,1.0,10,0.42344713757796293
461,70,35,5,0.75,1.0,15,0.49944921541197834
462,70,35,10,0.75,1.0,5,0.439988779467493
463,70,35,10,0.75,1.0,10,0.4588927848178608
464,70,35,10,0.75,1.0,15,0.47051142998849127
465,70,35,15,0.75,1.0,5,0.5181109538741021
466,70,35,15,0.75,1.0,10,0.5597299057930384
467,70,35,15,0.75,1.0,15,0.5231132823193834
468,70,45,5,0.75,1.0,5,0.4921001693106835
469,70,45,5,0.75,1.0,10,0.4501063963092845
470,70,45,5,0.75,1.0,15,0.45285172823985315
471,70,45,10,0.75,1.0,5,0.5477978132187927
472,70,45,10,0.75,1.0,10,0.5110029182409273
473,70,45,10,0.75,1.0,15,0.5388898321331583
474,70,45,15,0.75,1.0,5,0.6234458892974549
475,70,45,15,0.75,1.0,10,0.5570907004344329
476,70,45,15,0.75,1.0,15,0.46551321304466364
477,70,55,5,0.75,1.0,5,0.5852856048642807
478,70,55,5,0.75,1.0,10,0.5886583224050445
479,70,55,5,0.75,1.0,15,0.4588373793869973
480,70,55,10,0.75,1.0,5,0.5152094784504526
481,70,55,10,0.75,1.0,10,0.5126013604068833
482,70,55,10,0.75,1.0,15,0.5898884365727577
483,70,55,15,0.75,1.0,5,0.6299522046660161
484,70,55,15,0.75,1.0,10,0.48080452289657694
485,70,55,15,0.75,1.0,15,0.6661285546625617
486,70,65,5,0.75,1.0,5,0.5486119570753406
487,70,65,5,0.75,1.0,10,0.4420344520141
488,70,65,5,0.75,1.0,15,0.4140426294212042
489,70,65,10,0.75,1.0,5,0.5223298243059126
490,70,65,10,0.75,1.0,10,0.4673247230019402
491,70,65,10,0.75,1.0,15,0.5274238676023453
492,70,65,15,0.75,1.0,5,0.548378164286963
493,70,65,15,0.75,1.0,10,0.5921671009574325
494,70,65,15,0.75,1.0,15,0.5561789500801823
495,70,75,5,0.75,1.0,5,0.5950345535600059
496,70,75,5,0.75,1.0,10,0.5067945680227323
497,70,75,5,0.75,1.0,15,0.45678529137481316
498,70,75,10,0.75,1.0,5,0.4851999075334783
499,70,75,10,0.75,1.0,10,0.568559666552311
500,70,75,10,0.75,1.0,15,0.5589038218809027
501,70,75,15,0.75,1.0,5,0.5610634664481206
502,70,75,15,0.75,1.0,10,0.5476308575012405
503,70,75,15,0.75,1.0,15,0.5289693058483537
504,80,5,5,0.75,1.0,5,0.6388793411033302
505,80,5,5,0.75,1.0,10,0.6368621838355759
506,80,5,5,0.75,1.0,15,0.6445608019505839
507,80,5,10,0.75,1.0,5,0.7172263460647287
508,80,5,10,0.75,1.0,10,0.668968633214656
509,80,5,10,0.75,1.0,15,0.5992320897267934
510,80,5,15,0.75,1.0,5,0.6711114360609184
511,80,5,15,0.75,1.0,10,0.6480588001685988
512,80,5,15,0.75,1.0,15,0.6669248613097445
513,80,15,5,0.75,1.0,5,0.6824587944057522
514,80,15,5,0.75,1.0,10,0.667116287892777
515,80,15,5,0.75,1.0,15,0.630778365289278
516,80,15,10,0.75,1.0,5,0.6442557569142721
517,80,15,10,0.75,1.0,10,0.6024941668170296
518,80,15,10,0.75,1.0,15,0.7008905197620982
519,80,15,15,0.75,1.0,5,0.5374782345982907
520,80,15,15,0.75,1.0,10,0.6352500328064349
521,80,15,15,0.75,1.0,15,0.555486822338715
522,80,25,5,0.75,1.0,5,0.5350743903642657
523,80,25,5,0.75,1.0,10,0.5384885841581963
524,80,25,5,0.75,1.0,15,0.37998164935232087
525,80,25,10,0.75,1.0,5,0.5501798717761288
526,80,25,10,0.75,1.0,10,0.467683280603022
527,80,25,10,0.75,1.0,15,0.5639029608893799
528,80,25,15,0.75,1.0,5,0.6003944962212182
529,80,25,15,0.75,1.0,10,0.43937539621458205
530,80,25,15,0.75,1.0,15,0.6544512748471962
531,80,35,5,0.75,1.0,5,0.5443137054665107
532,80,35,5,0.75,1.0,10,0.3688209089916433
533,80,35,5,0.75,1.0,15,0.5469604253865291
534,80,35,10,0.75,1.0,5,0.39964165884765795
535,80,35,10,0.75,1.0,10,0.4355224632390528
536,80,35,10,0.75,1.0,15,0.47160699726465055
537,80,35,15,0.75,1.0,5,0.4824762141093449
538,80,35,15,0.75,1.0,10,0.5401717692581838
539,80,35,15,0.75,1.0,15,0.5583135640069543
540,80,45,5,0.75,1.0,5,0.5398240975855263
541,80,45,5,0.75,1.0,10,0.5940628245120431
542,80,45,5,0.75,1.0,15,0.536062245591449
543,80,45,10,0.75,1.0,5,0.49236244291482834
544,80,45,10,0.75,1.0,10,0.38499684448671645
545,80,45,10,0.75,1.0,15,0.5164970928223408
546,80,45,15,0.75,1.0,5,0.501511534608308
547,80,45,15,0.75,1.0,10,0.5484641814360479
548,80,45,15,0.75,1.0,15,0.4774773554882165
549,80,55,5,0.75,1.0,5,0.5011805272208286
550,80,55,5,0.75,1.0,10,0.4626589346103923
551,80,55,5,0.75,1.0,15,0.5615148304898107
552,80,55,10,0.75,1.0,5,0.4679847594681122
553,80,55,10,0.75,1.0,10,0.5502909233453854
554,80,55,10,0.75,1.0,15,0.5742228856738039
555,80,55,15,0.75,1.0,5,0.5743937043562877
556,80,55,15,0.75,1.0,10,0.6186828313521617
557,80,55,15,0.75,1.0,15,0.5294708079461456
558,80,65,5,0.75,1.0,5,0.5572928915352826
559,80,65,5,0.75,1.0,10,0.5132704103799013
560,80,65,5,0.75,1.0,15,0.590947594972386
561,80,65,10,0.75,1.0,5,0.5581507488235056
562,80,65,10,0.75,1.0,10,0.5448587613310439
563,80,65,10,0.75,1.0,15,0.48388438358921404
564,80,65,15,0.75,1.0,5,0.5550858869822104
565,80,65,15,0.75,1.0,10,0.5041344484444901
566,80,65,15,0.75,1.0,15,0.5595747247469545
567,80,75,5,0.75,1.0,5,0.5260651667334008
568,80,75,5,0.75,1.0,10,0.5016042302205715
569,80,75,5,0.75,1.0,15,0.5631750650420009
570,80,75,10,0.75,1.0,5,0.538091876487738
571,80,75,10,0.75,1.0,10,0.5248393513843338
572,80,75,10,0.75,1.0,15,0.616988984801013
573,80,75,15,0.75,1.0,5,0.5423756112356678
574,80,75,15,0.75,1.0,10,0.5844167757307472
575,80,75,15,0.75,1.0,15,0.4674343603726153
576,90,5,5,0.75,1.0,5,0.6768674156786109
577,90,5,5,0.75,1.0,10,0.6716860009831592
578,90,5,5,0.75,1.0,15,0.6349277684169852
579,90,5,10,0.75,1.0,5,0.636373182466366
580,90,5,10,0.75,1.0,10,0.6233826133580962
581,90,5,10,0.75,1.0,15,0.694706455064674
582,90,5,15,0.75,1.0,5,0.6602122727807982
583,90,5,15,0.75,1.0,10,0.6795978059406436
584,90,5,15,0.75,1.0,15,0.6358547426648883
585,90,15,5,0.75,1.0,5,0.6670680884939983
586,90,15,5,0.75,1.0,10,0.6580465150170177
587,90,15,5,0.75,1.0,15,0.7163430097807723
588,90,15,10,0.75,1.0,5,0.643839177989945
589,90,15,10,0.75,1.0,10,0.6507938712843363
590,90,15,10,0.75,1.0,15,0.5938482374673304
591,90,15,15,0.75,1.0,5,0.6102048738201502
592,90,15,15,0.75,1.0,10,0.5666153050105563
593,90,15,15,0.75,1.0,15,0.5617646228351274
594,90,25,5,0.75,1.0,5,0.541438682675688
595,90,25,5,0.75,1.0,10,0.576737849736948
596,90,25,5,0.75,1.0,15,0.5401251952713293
597,90,25,10,0.75,1.0,5,0.609580508578515
598,90,25,10,0.75,1.0,10,0.3762316322666323
599,90,25,10,0.75,1.0,15,0.6180850339631151
600,90,25,15,0.75,1.0,5,0.4779598806228892
601,90,25,15,0.75,1.0,10,0.4689736634187064
602,90,25,15,0.75,1.0,15,0.4344168476851066
603,90,35,5,0.75,1.0,5,0.42584350255148967
604,90,35,5,0.75,1.0,10,0.42725232468093394
605,90,35,5,0.75,1.0,15,0.4636762952957888
606,90,35,10,0.75,1.0,5,0.4686899929406918
607,90,35,10,0.75,1.0,10,0.5663664346262667
608,90,35,10,0.75,1.0,15,0.5014763436971168
609,90,35,15,0.75,1.0,5,0.4882337422955929
610,90,35,15,0.75,1.0,10,0.5279462353061863
611,90,35,15,0.75,1.0,15,0.49067451192717726
612,90,45,5,0.75,1.0,5,0.4962502191333465
613,90,45,5,0.75,1.0,10,0.6385922299216448
614,90,45,5,0.75,1.0,15,0.5229003215313398
615,90,45,10,0.75,1.0,5,0.5476473706027016
616,90,45,10,0.75,1.0,10,0.6257083897824371
617,90,45,10,0.75,1.0,15,0.48521246809536805
618,90,45,15,0.75,1.0,5,0.5953877987985651
619,90,45,15,0.75,1.0,10,0.46842481519618034
620,90,45,15,0.75,1.0,15,0.577653028377221
621,90,55,5,0.75,1.0,5,0.43879151215906653
622,90,55,5,0.75,1.0,10,0.6207192398801489
623,90,55,5,0.75,1.0,15,0.4841023144908641
624,90,55,10,0.75,1.0,5,0.6535354796226883
625,90,55,10,0.75,1.0,10,0.5385820112882731
626,90,55,10,0.75,1.0,15,0.6088345759458753
627,90,55,15,0.75,1.0,5,0.4550039884660496
628,90,55,15,0.75,1.0,10,0.46488810632821903
629,90,55,15,0.75,1.0,15,0.5565767852313046
630,90,65,5,0.75,1.0,5,0.4733390710184351
631,90,65,5,0.75,1.0,10,0.4224486665419953
632,90,65,5,0.75,1.0,15,0.5843574170075285
633,90,65,10,0.75,1.0,5,0.48788495475094457
634,90,65,10,0.75,1.0,10,0.4051304376426284
635,90,65,10,0.75,1.0,15,0.549867915174897
636,90,65,15,0.75,1.0,5,0.6089421072208031
637,90,65,15,0.75,1.0,10,0.5615963192290686
638,90,65,15,0.75,1.0,15,0.5440772206083507
639,90,75,5,0.75,1.0,5,0.5059876047833965
640,90,75,5,0.75,1.0,10,0.5147432612185908
641,90,75,5,0.75,1.0,15,0.406304323991754
642,90,75,10,0.75,1.0,5,0.5146152675484327
643,90,75,10,0.75,1.0,10,0.5598741934702891
644,90,75,10,0.75,1.0,15,0.5610728992471391
645,90,75,15,0.75,1.0,5,0.4438694202268373
646,90,75,15,0.75,1.0,10,0.6373179233226673
647,90,75,15,0.75,1.0,15,0.4589318202883161
648,100,5,5,0.75,1.0,5,0.684792090220565
649,100,5,5,0.75,1.0,10,0.7005330600106227
650,100,5,5,0.75,1.0,15,0.7049701346239726
651,100,5,10,0.75,1.0,5,0.6456354503434976
652,100,5,10,0.75,1.0,10,0.6585390380870295
653,100,5,10,0.75,1.0,15,0.6780182989841532
654,100,5,15,0.75,1.0,5,0.635127617892515
655,100,5,15,0.75,1.0,10,0.6624603357599204
656,100,5,15,0.75,1.0,15,0.6478263672027953
657,100,15,5,0.75,1.0,5,0.6768891819745894
658,100,15,5,0.75,1.0,10,0.7293420959236419
659,100,15,5,0.75,1.0,15,0.6751101152371245
660,100,15,10,0.75,1.0,5,0.6958243431844972
661,100,15,10,0.75,1.0,10,0.646340569245505
662,100,15,10,0.75,1.0,15,0.662946620062867
663,100,15,15,0.75,1.0,5,0.5834101003492895
664,100,15,15,0.75,1.0,10,0.5543825572629797
665,100,15,15,0.75,1.0,15,0.46935682421911923
666,100,25,5,0.75,1.0,5,0.6665356533048953
667,100,25,5,0.75,1.0,10,0.5176594997371703
668,100,25,5,0.75,1.0,15,0.4593841315698183
669,100,25,10,0.75,1.0,5,0.5249228957040499
670,100,25,10,0.75,1.0,10,0.5535492522263237
671,100,25,10,0.75,1.0,15,0.529269637660884
672,100,25,15,0.75,1.0,5,0.4041945532112867
673,100,25,15,0.75,1.0,10,0.6080973812963971
674,100,25,15,0.75,1.0,15,0.5163993868539174
675,100,35,5,0.75,1.0,5,0.4588770141902153
676,100,35,5,0.75,1.0,10,0.46769829213101627
677,100,35,5,0.75,1.0,15,0.4779829985372341
678,100,35,10,0.75,1.0,5,0.4861155056627722
679,100,35,10,0.75,1.0,10,0.499550234196902
680,100,35,10,0.75,1.0,15,0.5181403799706782
681,100,35,15,0.75,1.0,5,0.568956651114677
682,100,35,15,0.75,1.0,10,0.5835201025763697
683,100,35,15,0.75,1.0,15,0.5574801913768146
684,100,45,5,0.75,1.0,5,0.44803800116317505
685,100,45,5,0.75,1.0,10,0.4335760955321021
686,100,45,5,0.75,1.0,15,0.45590975942314327
687,100,45,10,0.75,1.0,5,0.6344815433050853
688,100,45,10,0.75,1.0,10,0.4627400301845729
689,100,45,10,0.75,1.0,15,0.5277660206759228
690,100,45,15,0.75,1.0,5,0.4683159856667747
691,100,45,15,0.75,1.0,10,0.5858712186427331
692,100,45,15,0.75,1.0,15,0.6944941798373259
693,100,55,5,0.75,1.0,5,0.5640491450952038
694,100,55,5,0.75,1.0,10,0.4610806258570626
695,100,55,5,0.75,1.0,15,0.42273340114845454
696,100,55,10,0.75,1.0,5,0.5787587551344148
697,100,55,10,0.75,1.0,10,0.6574163229466966
698,100,55,10,0.75,1.0,15,0.5217315216599101
699,100,55,15,0.75,1.0,5,0.5120511343980853
700,100,55,15,0.75,1.0,10,0.5681653900015446
701,100,55,15,0.75,1.0,15,0.5058471150913054
702,100,65,5,0.75,1.0,5,0.5058628918749778
703,100,65,5,0.75,1.0,10,0.5862947925706625
704,100,65,5,0.75,1.0,15,0.4629915437612667
705,100,65,10,0.75,1.0,5,0.5435202481741619
706,100,65,10,0.75,1.0,10,0.49886192267680146
707,100,65,10,0.75,1.0,15,0.4814260298339014
708,100,65,15,0.75,1.0,5,0.532018854123545
709,100,65,15,0.75,1.0,10,0.5497008606372926
710,100,65,15,0.75,1.0,15,0.5507101265902852
711,100,75,5,0.75,1.0,5,0.408332724311887
712,100,75,5,0.75,1.0,10,0.44895110088554274
713,100,75,5,0.75,1.0,15,0.5935621054681972
714,100,75,10,0.75,1.0,5,0.5667602886667045
715,100,75,10,0.75,1.0,10,0.5073899687848842
716,100,75,10,0.75,1.0,15,0.49864605039729676
717,100,75,15,0.75,1.0,5,0.500041656744893
718,100,75,15,0.75,1.0,10,0.5414616577881181
719,100,75,15,0.75,1.0,15,0.48493110944691803
